Fold,MAE,MSE,RMSE,MAPE,R2
1,0.013258103426440829,0.0003101116838313507,0.017609988183736828,4.637286966741426,0.935636907539894
2,0.021819337540926097,0.0006607876701938453,0.025705790596553247,3.0238260387391676,0.9502480076524616
3,0.0205179516387974,0.0005845247006936987,0.0241769456444295,2.34645337713161,0.6456537629942729
4,0.012890012742600595,0.0002852133738807441,0.016888261422678894,1.2680394281487473,0.8844379124714359
5,0.07214045648841724,0.0055164482962227505,0.07427279647504025,6.441763081704948,-0.35794668277032526
